﻿<?xml version="1.0" encoding="utf-8"?>
<flashtool-config version="2.0">
  <general>
    <chip-name>MT6739</chip-name>
    <storage-type>EMMC</storage-type>
    <download-agent>C:\bmb\flash\MTK_AllInOne_DA.bin</download-agent>
    <scatter>C:\Users\boytorok\Desktop\tesrom\โฟล\MT6739_Android_scatter.txt</scatter>
    <authentication></authentication>
    <certification></certification>
    <rom-list>
      <rom index="0" enable="true">C:\Users\boytorok\Desktop\tesrom\โฟล\preloader.bin</rom>
    </rom-list>
    <connection type="BromUSB" high-speed="true" power="AutoDetect" da_log_level="Info" da_log_channel="UART" timeout-count="3600000" com-port="" />
    <checksum-level>none</checksum-level>
    <log-info log_on="false" log_path="C:\ProgramData\SP_FT_Logs" clean_hours="720" />
  </general>
  <commands>
    <download-only>
      <da-download-all />
    </download-only>
  </commands>
</flashtool-config>