﻿<?xml version="1.0"?>
<doc>
<assembly>
<name>
bmbv39
</name>
</assembly>
<members>
<member name="T:bmbv39.My.Resources.Resources">
<summary>
  A strongly-typed resource class, for looking up localized strings, etc.
</summary>
</member>
<member name="P:bmbv39.My.Resources.Resources.ResourceManager">
<summary>
  Returns the cached ResourceManager instance used by this class.
</summary>
</member>
<member name="P:bmbv39.My.Resources.Resources.Culture">
<summary>
  Overrides the current thread's CurrentUICulture property for all
  resource lookups using this strongly typed resource class.
</summary>
</member>
<member name="P:bmbv39.My.Resources.Resources._0c57c8102ad0c105965107d54d107dbd">
<summary>
  Looks up a localized resource of type System.Drawing.Bitmap.
</summary>
</member>
<member name="P:bmbv39.My.Resources.Resources._20230909_002258">
<summary>
  Looks up a localized resource of type System.Drawing.Bitmap.
</summary>
</member>
<member name="P:bmbv39.My.Resources.Resources._326038101_882571199749887_3680103861490200843_n">
<summary>
  Looks up a localized resource of type System.Drawing.Bitmap.
</summary>
</member>
<member name="P:bmbv39.My.Resources.Resources._326164770_3009965882640061_8917913239554649911_n">
<summary>
  Looks up a localized resource of type System.Drawing.Bitmap.
</summary>
</member>
<member name="P:bmbv39.My.Resources.Resources._339725497_1246199046023005_3487234531873190644_n">
<summary>
  Looks up a localized resource of type System.Drawing.Bitmap.
</summary>
</member>
<member name="P:bmbv39.My.Resources.Resources._348262023_207869045440458_6492571059715846305_n">
<summary>
  Looks up a localized resource of type System.Drawing.Bitmap.
</summary>
</member>
<member name="P:bmbv39.My.Resources.Resources._348262023_207869045440458_6492571059715846305_n1">
<summary>
  Looks up a localized resource of type System.Drawing.Bitmap.
</summary>
</member>
<member name="P:bmbv39.My.Resources.Resources._354238423_259484283429383_6229737705426395887_n">
<summary>
  Looks up a localized resource of type System.Drawing.Bitmap.
</summary>
</member>
<member name="P:bmbv39.My.Resources.Resources._354238423_259484283429383_6229737705426395887_n1">
<summary>
  Looks up a localized resource of type System.Drawing.Bitmap.
</summary>
</member>
<member name="P:bmbv39.My.Resources.Resources._66cbfdd7c4deae09c02d54025e334747320edfea">
<summary>
  Looks up a localized resource of type System.Drawing.Bitmap.
</summary>
</member>
<member name="P:bmbv39.My.Resources.Resources._66cbfdd7c4deae09c02d54025e334747320edfea1">
<summary>
  Looks up a localized resource of type System.Drawing.Bitmap.
</summary>
</member>
<member name="P:bmbv39.My.Resources.Resources._912f501c658b60dadf52f7ac8ffa49e9">
<summary>
  Looks up a localized resource of type System.Drawing.Bitmap.
</summary>
</member>
<member name="P:bmbv39.My.Resources.Resources._98955785_161498132054680_3966553416280309760_n">
<summary>
  Looks up a localized resource of type System.Drawing.Bitmap.
</summary>
</member>
<member name="P:bmbv39.My.Resources.Resources.cyber">
<summary>
  Looks up a localized resource of type System.Drawing.Bitmap.
</summary>
</member>
<member name="P:bmbv39.My.Resources.Resources.cyber1">
<summary>
  Looks up a localized resource of type System.Drawing.Bitmap.
</summary>
</member>
<member name="P:bmbv39.My.Resources.Resources.Erase22">
<summary>
  Looks up a localized resource of type System.Drawing.Bitmap.
</summary>
</member>
<member name="P:bmbv39.My.Resources.Resources.Format22">
<summary>
  Looks up a localized resource of type System.Drawing.Bitmap.
</summary>
</member>
<member name="P:bmbv39.My.Resources.Resources.icons8_1dm_100_2">
<summary>
  Looks up a localized resource of type System.Drawing.Bitmap.
</summary>
</member>
<member name="P:bmbv39.My.Resources.Resources.icons8_add_row_24">
<summary>
  Looks up a localized resource of type System.Drawing.Bitmap.
</summary>
</member>
<member name="P:bmbv39.My.Resources.Resources.icons8_apple_logo_94">
<summary>
  Looks up a localized resource of type System.Drawing.Bitmap.
</summary>
</member>
<member name="P:bmbv39.My.Resources.Resources.icons8_device_manager_32">
<summary>
  Looks up a localized resource of type System.Drawing.Bitmap.
</summary>
</member>
<member name="P:bmbv39.My.Resources.Resources.icons8_download_100">
<summary>
  Looks up a localized resource of type System.Drawing.Bitmap.
</summary>
</member>
<member name="P:bmbv39.My.Resources.Resources.icons8_download_1001">
<summary>
  Looks up a localized resource of type System.Drawing.Bitmap.
</summary>
</member>
<member name="P:bmbv39.My.Resources.Resources.icons8_erase_100">
<summary>
  Looks up a localized resource of type System.Drawing.Bitmap.
</summary>
</member>
<member name="P:bmbv39.My.Resources.Resources.icons8_erase_1001">
<summary>
  Looks up a localized resource of type System.Drawing.Bitmap.
</summary>
</member>
<member name="P:bmbv39.My.Resources.Resources.icons8_flash_on_100">
<summary>
  Looks up a localized resource of type System.Drawing.Bitmap.
</summary>
</member>
<member name="P:bmbv39.My.Resources.Resources.icons8_flash_on_1001">
<summary>
  Looks up a localized resource of type System.Drawing.Bitmap.
</summary>
</member>
<member name="P:bmbv39.My.Resources.Resources.icons8_itunes_100">
<summary>
  Looks up a localized resource of type System.Drawing.Bitmap.
</summary>
</member>
<member name="P:bmbv39.My.Resources.Resources.icons8_opened_folder_100">
<summary>
  Looks up a localized resource of type System.Drawing.Bitmap.
</summary>
</member>
<member name="P:bmbv39.My.Resources.Resources.icons8_opened_folder_1001">
<summary>
  Looks up a localized resource of type System.Drawing.Bitmap.
</summary>
</member>
<member name="P:bmbv39.My.Resources.Resources.icons8_padlock_100">
<summary>
  Looks up a localized resource of type System.Drawing.Bitmap.
</summary>
</member>
<member name="P:bmbv39.My.Resources.Resources.icons8_padlock_1001">
<summary>
  Looks up a localized resource of type System.Drawing.Bitmap.
</summary>
</member>
<member name="P:bmbv39.My.Resources.Resources.icons8_process_100_2">
<summary>
  Looks up a localized resource of type System.Drawing.Bitmap.
</summary>
</member>
<member name="P:bmbv39.My.Resources.Resources.icons8_process_100_21">
<summary>
  Looks up a localized resource of type System.Drawing.Bitmap.
</summary>
</member>
<member name="P:bmbv39.My.Resources.Resources.icons8_python_100">
<summary>
  Looks up a localized resource of type System.Drawing.Bitmap.
</summary>
</member>
<member name="P:bmbv39.My.Resources.Resources.icons8_repair_64">
<summary>
  Looks up a localized resource of type System.Drawing.Bitmap.
</summary>
</member>
<member name="P:bmbv39.My.Resources.Resources.icons8_rs_232_female_100">
<summary>
  Looks up a localized resource of type System.Drawing.Bitmap.
</summary>
</member>
<member name="P:bmbv39.My.Resources.Resources.icons8_stop_100">
<summary>
  Looks up a localized resource of type System.Drawing.Bitmap.
</summary>
</member>
<member name="P:bmbv39.My.Resources.Resources.icons8_test_account_100">
<summary>
  Looks up a localized resource of type System.Drawing.Bitmap.
</summary>
</member>
<member name="P:bmbv39.My.Resources.Resources.icons8_test_account_1001">
<summary>
  Looks up a localized resource of type System.Drawing.Bitmap.
</summary>
</member>
<member name="P:bmbv39.My.Resources.Resources.icons8_usb_connected_100">
<summary>
  Looks up a localized resource of type System.Drawing.Bitmap.
</summary>
</member>
<member name="P:bmbv39.My.Resources.Resources.icons8_vga_100">
<summary>
  Looks up a localized resource of type System.Drawing.Bitmap.
</summary>
</member>
<member name="P:bmbv39.My.Resources.Resources.icons8_wi_fi_disconnected_100_2">
<summary>
  Looks up a localized resource of type System.Drawing.Bitmap.
</summary>
</member>
<member name="P:bmbv39.My.Resources.Resources.info__2_">
<summary>
  Looks up a localized resource of type System.Drawing.Bitmap.
</summary>
</member>
<member name="P:bmbv39.My.Resources.Resources.koopp">
<summary>
  Looks up a localized resource of type System.Drawing.Bitmap.
</summary>
</member>
<member name="P:bmbv39.My.Resources.Resources.maxresdefault">
<summary>
  Looks up a localized resource of type System.Drawing.Bitmap.
</summary>
</member>
<member name="P:bmbv39.My.Resources.Resources.maxresdefault__2_">
<summary>
  Looks up a localized resource of type System.Drawing.Bitmap.
</summary>
</member>
<member name="P:bmbv39.My.Resources.Resources.MiCloud22">
<summary>
  Looks up a localized resource of type System.Drawing.Bitmap.
</summary>
</member>
<member name="P:bmbv39.My.Resources.Resources.MiCloud221">
<summary>
  Looks up a localized resource of type System.Drawing.Bitmap.
</summary>
</member>
<member name="P:bmbv39.My.Resources.Resources.new_1363">
<summary>
  Looks up a localized resource of type System.Drawing.Bitmap.
</summary>
</member>
<member name="P:bmbv39.My.Resources.Resources.New_Tag_PNG_Logo_Transparent_zeevector">
<summary>
  Looks up a localized resource of type System.Drawing.Bitmap.
</summary>
</member>
<member name="P:bmbv39.My.Resources.Resources.OpenLock">
<summary>
  Looks up a localized resource of type System.Drawing.Bitmap.
</summary>
</member>
<member name="P:bmbv39.My.Resources.Resources.oppo_f5_1">
<summary>
  Looks up a localized resource of type System.Drawing.Bitmap.
</summary>
</member>
<member name="P:bmbv39.My.Resources.Resources.Oppo_Reno6_5G_Test_Point_to_Remove_FRP_User_Lock_and_Flashin">
<summary>
  Looks up a localized resource of type System.Drawing.Bitmap.
</summary>
</member>
<member name="P:bmbv39.My.Resources.Resources.OPPO_YOUTH_F7_CPH1859_remove_pattern___frp_lock">
<summary>
  Looks up a localized resource of type System.Drawing.Bitmap.
</summary>
</member>
<member name="P:bmbv39.My.Resources.Resources.OPPO_YOUTH_F7_CPH1859_remove_pattern___frp_lock1">
<summary>
  Looks up a localized resource of type System.Drawing.Bitmap.
</summary>
</member>
<member name="P:bmbv39.My.Resources.Resources.qualcomm_logo_icon_144953">
<summary>
  Looks up a localized resource of type System.Drawing.Bitmap.
</summary>
</member>
<member name="P:bmbv39.My.Resources.Resources.qualcomm_logo_icon_1449531">
<summary>
  Looks up a localized resource of type System.Drawing.Bitmap.
</summary>
</member>
<member name="P:bmbv39.My.Resources.Resources.Readinfo22">
<summary>
  Looks up a localized resource of type System.Drawing.Bitmap.
</summary>
</member>
<member name="P:bmbv39.My.Resources.Resources.Readinfo221">
<summary>
  Looks up a localized resource of type System.Drawing.Bitmap.
</summary>
</member>
<member name="P:bmbv39.My.Resources.Resources.snapdragon_logo_374EF45C05_seeklogo_com">
<summary>
  Looks up a localized resource of type System.Drawing.Bitmap.
</summary>
</member>
<member name="P:bmbv39.My.Resources.Resources.Vivo_V7_EDL_Mode_PINOUT_Vivo_V7_Test_Points">
<summary>
  Looks up a localized resource of type System.Drawing.Bitmap.
</summary>
</member>
<member name="P:bmbv39.My.Resources.Resources.vivo_v9_edl_point_1024x683">
<summary>
  Looks up a localized resource of type System.Drawing.Bitmap.
</summary>
</member>
<member name="P:bmbv39.My.Resources.Resources.Vivo_Y11__1906__EDL_Point_1">
<summary>
  Looks up a localized resource of type System.Drawing.Bitmap.
</summary>
</member>
<member name="P:bmbv39.My.Resources.Resources.vivo_y12s_v2026_test_point_isp_pinout">
<summary>
  Looks up a localized resource of type System.Drawing.Bitmap.
</summary>
</member>
<member name="P:bmbv39.My.Resources.Resources.vivo_y15s_test_point_isp_pinout">
<summary>
  Looks up a localized resource of type System.Drawing.Bitmap.
</summary>
</member>
<member name="P:bmbv39.My.Resources.Resources.VIVO_Y85_TEST_POINT">
<summary>
  Looks up a localized resource of type System.Drawing.Bitmap.
</summary>
</member>
<member name="P:bmbv39.My.Resources.Resources.VIVO_Y85_TEST_POINT1">
<summary>
  Looks up a localized resource of type System.Drawing.Bitmap.
</summary>
</member>
<member name="P:bmbv39.My.Resources.Resources.vivo_y91c_pd1818hf_test_point_brom">
<summary>
  Looks up a localized resource of type System.Drawing.Bitmap.
</summary>
</member>
<member name="P:bmbv39.My.Resources.Resources.Y17_ISP_Pinout">
<summary>
  Looks up a localized resource of type System.Drawing.Bitmap.
</summary>
</member>
<member name="P:bmbv39.My.Resources.Resources.รูปบิตแมปใหม่__5_">
<summary>
  Looks up a localized resource of type System.Drawing.Bitmap.
</summary>
</member>
<member name="P:bmbv39.My.Resources.Resources.รูปบิตแมปใหม่__5_1">
<summary>
  Looks up a localized resource of type System.Drawing.Bitmap.
</summary>
</member>
<member name="P:bmbv39.My.Resources.Resources.รูปบิตแมปใหม่__5_3">
<summary>
  Looks up a localized resource of type System.Drawing.Bitmap.
</summary>
</member>
</members>
</doc>
