﻿<?xml version="1.0"?>
<doc>
<assembly>
<name>
ODINTEST
</name>
</assembly>
<members>
<member name="T:ODINTEST.My.Resources.Resources">
<summary>
  A strongly-typed resource class, for looking up localized strings, etc.
</summary>
</member>
<member name="P:ODINTEST.My.Resources.Resources.ResourceManager">
<summary>
  Returns the cached ResourceManager instance used by this class.
</summary>
</member>
<member name="P:ODINTEST.My.Resources.Resources.Culture">
<summary>
  Overrides the current thread's CurrentUICulture property for all
  resource lookups using this strongly typed resource class.
</summary>
</member>
<member name="P:ODINTEST.My.Resources.Resources.desktop_wallpaper_24_gorgeous_designs_to_realsimple">
<summary>
  Looks up a localized resource of type System.Drawing.Bitmap.
</summary>
</member>
<member name="P:ODINTEST.My.Resources.Resources.pexels_sebastiaan_stam_1097456">
<summary>
  Looks up a localized resource of type System.Drawing.Bitmap.
</summary>
</member>
<member name="P:ODINTEST.My.Resources.Resources.รูปบิตแมปใหม่__38_">
<summary>
  Looks up a localized resource of type System.Drawing.Bitmap.
</summary>
</member>
<member name="P:ODINTEST.My.Resources.Resources.รูปบิตแมปใหม่__38_1">
<summary>
  Looks up a localized resource of type System.Drawing.Bitmap.
</summary>
</member>
</members>
</doc>
